in:SeedTower,in:AmountOfGrids,in:LayersA,in:LayersB,in:LayersC,out:Total GFA,out:Percentage Bad Daylight,out:annual MWH,out:Percentage Bad View,img
1,2,4,6,6,105794,8.2,184,59.2,SeedTower1_AmountOfGrids2_LayersA4_LayersB6_LayersC6_Design Explorer - urban.png
2,2,4,6,6,104549,8.3,196,62.5,SeedTower2_AmountOfGrids2_LayersA4_LayersB6_LayersC6_Design Explorer - urban.png
3,2,4,6,6,103897,8.3,192,61.7,SeedTower3_AmountOfGrids2_LayersA4_LayersB6_LayersC6_Design Explorer - urban.png
4,2,4,6,6,103897,8.3,192,61.7,SeedTower4_AmountOfGrids2_LayersA4_LayersB6_LayersC6_Design Explorer - urban.png
1,3,4,6,6,97538,8.2,206,72.5,SeedTower1_AmountOfGrids3_LayersA4_LayersB6_LayersC6_Design Explorer - urban.png
2,3,4,6,6,98271,8.2,198,73.3,SeedTower2_AmountOfGrids3_LayersA4_LayersB6_LayersC6_Design Explorer - urban.png
3,3,4,6,6,97859,8.3,198,58.3,SeedTower3_AmountOfGrids3_LayersA4_LayersB6_LayersC6_Design Explorer - urban.png
4,3,4,6,6,97859,8.3,198,58.3,SeedTower4_AmountOfGrids3_LayersA4_LayersB6_LayersC6_Design Explorer - urban.png
1,2,8,6,6,114306,8.2,189,59.2,SeedTower1_AmountOfGrids2_LayersA8_LayersB6_LayersC6_Design Explorer - urban.png
2,2,8,6,6,111397,8.3,199,62.5,SeedTower2_AmountOfGrids2_LayersA8_LayersB6_LayersC6_Design Explorer - urban.png
3,2,8,6,6,111369,8.3,194,61.7,SeedTower3_AmountOfGrids2_LayersA8_LayersB6_LayersC6_Design Explorer - urban.png
4,2,8,6,6,111369,8.3,194,61.7,SeedTower4_AmountOfGrids2_LayersA8_LayersB6_LayersC6_Design Explorer - urban.png
1,3,8,6,6,106050,8.2,210,72.5,SeedTower1_AmountOfGrids3_LayersA8_LayersB6_LayersC6_Design Explorer - urban.png
2,3,8,6,6,105119,8.2,200,73.3,SeedTower2_AmountOfGrids3_LayersA8_LayersB6_LayersC6_Design Explorer - urban.png
3,3,8,6,6,105331,8.3,202,58.3,SeedTower3_AmountOfGrids3_LayersA8_LayersB6_LayersC6_Design Explorer - urban.png
4,3,8,6,6,105331,8.3,202,58.3,SeedTower4_AmountOfGrids3_LayersA8_LayersB6_LayersC6_Design Explorer - urban.png
1,2,4,10,6,109339,8.3,182,60,SeedTower1_AmountOfGrids2_LayersA4_LayersB10_LayersC6_Design Explorer - urban.png
2,2,4,10,6,108671,8.4,193,65,SeedTower2_AmountOfGrids2_LayersA4_LayersB10_LayersC6_Design Explorer - urban.png
3,2,4,10,6,107394,8.3,189,63.3,SeedTower3_AmountOfGrids2_LayersA4_LayersB10_LayersC6_Design Explorer - urban.png
4,2,4,10,6,107394,8.3,189,63.3,SeedTower4_AmountOfGrids2_LayersA4_LayersB10_LayersC6_Design Explorer - urban.png
1,3,4,10,6,102309,8.2,202,75.8,SeedTower1_AmountOfGrids3_LayersA4_LayersB10_LayersC6_Design Explorer - urban.png
2,3,4,10,6,104172,8.2,196,80,SeedTower2_AmountOfGrids3_LayersA4_LayersB10_LayersC6_Design Explorer - urban.png
3,3,4,10,6,103342,8.3,194,61.7,SeedTower3_AmountOfGrids3_LayersA4_LayersB10_LayersC6_Design Explorer - urban.png
4,3,4,10,6,103342,8.3,194,61.7,SeedTower4_AmountOfGrids3_LayersA4_LayersB10_LayersC6_Design Explorer - urban.png
1,2,8,10,6,117851,8.3,187,60,SeedTower1_AmountOfGrids2_LayersA8_LayersB10_LayersC6_Design Explorer - urban.png
2,2,8,10,6,115519,8.4,195,65,SeedTower2_AmountOfGrids2_LayersA8_LayersB10_LayersC6_Design Explorer - urban.png
3,2,8,10,6,114866,8.3,192,63.3,SeedTower3_AmountOfGrids2_LayersA8_LayersB10_LayersC6_Design Explorer - urban.png
4,2,8,10,6,114866,8.3,192,63.3,SeedTower4_AmountOfGrids2_LayersA8_LayersB10_LayersC6_Design Explorer - urban.png
1,3,8,10,6,110821,8.2,206,75.8,SeedTower1_AmountOfGrids3_LayersA8_LayersB10_LayersC6_Design Explorer - urban.png
2,3,8,10,6,111020,8.2,198,80,SeedTower2_AmountOfGrids3_LayersA8_LayersB10_LayersC6_Design Explorer - urban.png
3,3,8,10,6,110814,8.3,198,61.7,SeedTower3_AmountOfGrids3_LayersA8_LayersB10_LayersC6_Design Explorer - urban.png
4,3,8,10,6,110814,8.3,198,61.7,SeedTower4_AmountOfGrids3_LayersA8_LayersB10_LayersC6_Design Explorer - urban.png
1,2,4,14,6,112885,8.8,180,60,SeedTower1_AmountOfGrids2_LayersA4_LayersB14_LayersC6_Design Explorer - urban.png
2,2,4,14,6,112792,8.6,190,65,SeedTower2_AmountOfGrids2_LayersA4_LayersB14_LayersC6_Design Explorer - urban.png
3,2,4,14,6,110891,8.3,186,63.3,SeedTower3_AmountOfGrids2_LayersA4_LayersB14_LayersC6_Design Explorer - urban.png
4,2,4,14,6,110891,8.3,186,63.3,SeedTower4_AmountOfGrids2_LayersA4_LayersB14_LayersC6_Design Explorer - urban.png
1,3,4,14,6,107080,8.2,199,75.8,SeedTower1_AmountOfGrids3_LayersA4_LayersB14_LayersC6_Design Explorer - urban.png
2,3,4,14,6,110073,8.2,193,81.7,SeedTower2_AmountOfGrids3_LayersA4_LayersB14_LayersC6_Design Explorer - urban.png
3,3,4,14,6,108826,8.3,191,61.7,SeedTower3_AmountOfGrids3_LayersA4_LayersB14_LayersC6_Design Explorer - urban.png
4,3,4,14,6,108826,8.3,191,61.7,SeedTower4_AmountOfGrids3_LayersA4_LayersB14_LayersC6_Design Explorer - urban.png
1,2,8,14,6,121397,8.8,185,60,SeedTower1_AmountOfGrids2_LayersA8_LayersB14_LayersC6_Design Explorer - urban.png
2,2,8,14,6,119640,8.6,192,65,SeedTower2_AmountOfGrids2_LayersA8_LayersB14_LayersC6_Design Explorer - urban.png
3,2,8,14,6,118363,8.3,189,63.3,SeedTower3_AmountOfGrids2_LayersA8_LayersB14_LayersC6_Design Explorer - urban.png
4,2,8,14,6,118363,8.3,189,63.3,SeedTower4_AmountOfGrids2_LayersA8_LayersB14_LayersC6_Design Explorer - urban.png
1,3,8,14,6,115592,8.2,203,75.8,SeedTower1_AmountOfGrids3_LayersA8_LayersB14_LayersC6_Design Explorer - urban.png
2,3,8,14,6,116921,8.2,195,81.7,SeedTower2_AmountOfGrids3_LayersA8_LayersB14_LayersC6_Design Explorer - urban.png
3,3,8,14,6,116298,8.3,194,61.7,SeedTower3_AmountOfGrids3_LayersA8_LayersB14_LayersC6_Design Explorer - urban.png
4,3,8,14,6,116298,8.3,194,61.7,SeedTower4_AmountOfGrids3_LayersA8_LayersB14_LayersC6_Design Explorer - urban.png
1,2,4,6,9,109974,8.2,187,73.3,SeedTower1_AmountOfGrids2_LayersA4_LayersB6_LayersC9_Design Explorer - urban.png
2,2,4,6,9,106920,8.3,199,62.5,SeedTower2_AmountOfGrids2_LayersA4_LayersB6_LayersC9_Design Explorer - urban.png
3,2,4,6,9,106538,8.3,195,70,SeedTower3_AmountOfGrids2_LayersA4_LayersB6_LayersC9_Design Explorer - urban.png
4,2,4,6,9,106538,8.3,195,70,SeedTower4_AmountOfGrids2_LayersA4_LayersB6_LayersC9_Design Explorer - urban.png
1,3,4,6,9,102994,8.3,203,72.5,SeedTower1_AmountOfGrids3_LayersA4_LayersB6_LayersC9_Design Explorer - urban.png
2,3,4,6,9,102841,8.3,196,73.3,SeedTower2_AmountOfGrids3_LayersA4_LayersB6_LayersC9_Design Explorer - urban.png
3,3,4,6,9,97859,8.3,198,58.3,SeedTower3_AmountOfGrids3_LayersA4_LayersB6_LayersC9_Design Explorer - urban.png
4,3,4,6,9,97859,8.3,198,58.3,SeedTower4_AmountOfGrids3_LayersA4_LayersB6_LayersC9_Design Explorer - urban.png
1,2,8,6,9,118486,8.2,192,73.3,SeedTower1_AmountOfGrids2_LayersA8_LayersB6_LayersC9_Design Explorer - urban.png
2,2,8,6,9,113768,8.3,201,62.5,SeedTower2_AmountOfGrids2_LayersA8_LayersB6_LayersC9_Design Explorer - urban.png
3,2,8,6,9,114010,8.3,197,70,SeedTower3_AmountOfGrids2_LayersA8_LayersB6_LayersC9_Design Explorer - urban.png
4,2,8,6,9,114010,8.3,197,70,SeedTower4_AmountOfGrids2_LayersA8_LayersB6_LayersC9_Design Explorer - urban.png
1,3,8,6,9,111506,8.3,209,72.5,SeedTower1_AmountOfGrids3_LayersA8_LayersB6_LayersC9_Design Explorer - urban.png
2,3,8,6,9,109689,8.3,200,73.3,SeedTower2_AmountOfGrids3_LayersA8_LayersB6_LayersC9_Design Explorer - urban.png
3,3,8,6,9,105331,8.3,202,58.3,SeedTower3_AmountOfGrids3_LayersA8_LayersB6_LayersC9_Design Explorer - urban.png
4,3,8,6,9,105331,8.3,202,58.3,SeedTower4_AmountOfGrids3_LayersA8_LayersB6_LayersC9_Design Explorer - urban.png
1,2,4,10,9,113519,8.3,185,73.3,SeedTower1_AmountOfGrids2_LayersA4_LayersB10_LayersC9_Design Explorer - urban.png
2,2,4,10,9,111041,8.4,195,65,SeedTower2_AmountOfGrids2_LayersA4_LayersB10_LayersC9_Design Explorer - urban.png
3,2,4,10,9,110035,8.3,192,72.5,SeedTower3_AmountOfGrids2_LayersA4_LayersB10_LayersC9_Design Explorer - urban.png
4,2,4,10,9,110035,8.3,192,72.5,SeedTower4_AmountOfGrids2_LayersA4_LayersB10_LayersC9_Design Explorer - urban.png
1,3,4,10,9,107765,8.3,200,75.8,SeedTower1_AmountOfGrids3_LayersA4_LayersB10_LayersC9_Design Explorer - urban.png
2,3,4,10,9,108742,8.3,194,80,SeedTower2_AmountOfGrids3_LayersA4_LayersB10_LayersC9_Design Explorer - urban.png
3,3,4,10,9,103342,8.3,194,61.7,SeedTower3_AmountOfGrids3_LayersA4_LayersB10_LayersC9_Design Explorer - urban.png
4,3,4,10,9,103342,8.3,194,61.7,SeedTower4_AmountOfGrids3_LayersA4_LayersB10_LayersC9_Design Explorer - urban.png
1,2,8,10,9,122031,8.3,190,73.3,SeedTower1_AmountOfGrids2_LayersA8_LayersB10_LayersC9_Design Explorer - urban.png
2,2,8,10,9,117889,8.4,197,65,SeedTower2_AmountOfGrids2_LayersA8_LayersB10_LayersC9_Design Explorer - urban.png
3,2,8,10,9,117507,8.3,194,72.5,SeedTower3_AmountOfGrids2_LayersA8_LayersB10_LayersC9_Design Explorer - urban.png
4,2,8,10,9,117507,8.3,194,72.5,SeedTower4_AmountOfGrids2_LayersA8_LayersB10_LayersC9_Design Explorer - urban.png
1,3,8,10,9,116277,8.3,205,75.8,SeedTower1_AmountOfGrids3_LayersA8_LayersB10_LayersC9_Design Explorer - urban.png
2,3,8,10,9,115590,8.3,198,80,SeedTower2_AmountOfGrids3_LayersA8_LayersB10_LayersC9_Design Explorer - urban.png
3,3,8,10,9,110814,8.3,198,61.7,SeedTower3_AmountOfGrids3_LayersA8_LayersB10_LayersC9_Design Explorer - urban.png
4,3,8,10,9,110814,8.3,198,61.7,SeedTower4_AmountOfGrids3_LayersA8_LayersB10_LayersC9_Design Explorer - urban.png
1,2,4,14,9,117065,8.8,183,73.3,SeedTower1_AmountOfGrids2_LayersA4_LayersB14_LayersC9_Design Explorer - urban.png
2,2,4,14,9,115163,8.6,192,65,SeedTower2_AmountOfGrids2_LayersA4_LayersB14_LayersC9_Design Explorer - urban.png
3,2,4,14,9,113532,8.3,189,72.5,SeedTower3_AmountOfGrids2_LayersA4_LayersB14_LayersC9_Design Explorer - urban.png
4,2,4,14,9,113532,8.3,189,72.5,SeedTower4_AmountOfGrids2_LayersA4_LayersB14_LayersC9_Design Explorer - urban.png
1,3,4,14,9,112535,8.3,196,75.8,SeedTower1_AmountOfGrids3_LayersA4_LayersB14_LayersC9_Design Explorer - urban.png
2,3,4,14,9,114643,8.3,191,81.7,SeedTower2_AmountOfGrids3_LayersA4_LayersB14_LayersC9_Design Explorer - urban.png
3,3,4,14,9,108826,8.3,191,61.7,SeedTower3_AmountOfGrids3_LayersA4_LayersB14_LayersC9_Design Explorer - urban.png
4,3,4,14,9,108826,8.3,191,61.7,SeedTower4_AmountOfGrids3_LayersA4_LayersB14_LayersC9_Design Explorer - urban.png
1,2,8,14,9,125577,8.8,188,73.3,SeedTower1_AmountOfGrids2_LayersA8_LayersB14_LayersC9_Design Explorer - urban.png
2,2,8,14,9,122011,8.6,195,65,SeedTower2_AmountOfGrids2_LayersA8_LayersB14_LayersC9_Design Explorer - urban.png
3,2,8,14,9,121004,8.3,192,72.5,SeedTower3_AmountOfGrids2_LayersA8_LayersB14_LayersC9_Design Explorer - urban.png
4,2,8,14,9,121004,8.3,192,72.5,SeedTower4_AmountOfGrids2_LayersA8_LayersB14_LayersC9_Design Explorer - urban.png
1,3,8,14,9,121047,8.3,202,75.8,SeedTower1_AmountOfGrids3_LayersA8_LayersB14_LayersC9_Design Explorer - urban.png
2,3,8,14,9,121491,8.3,195,81.7,SeedTower2_AmountOfGrids3_LayersA8_LayersB14_LayersC9_Design Explorer - urban.png
3,3,8,14,9,116298,8.3,194,61.7,SeedTower3_AmountOfGrids3_LayersA8_LayersB14_LayersC9_Design Explorer - urban.png
4,3,8,14,9,116298,8.3,194,61.7,SeedTower4_AmountOfGrids3_LayersA8_LayersB14_LayersC9_Design Explorer - urban.png
